engine,P_HOTB_version,k1,k2,M4_calibration_Msun,mu4_calibration,M4_mu4_calibration,source_url
Z9.6+S19.8,old,0.274,0.047,1.529,0.0662,0.101,https://doi.org/10.3847/1538-4357/ab6458
Z9.6+S19.8,new,0.294,0.0468,1.529,0.0662,0.101,https://doi.org/10.3847/1538-4357/ab6458
Z9.6+W15,old,0.225,0.0495,1.318,0.0176,0.023,https://doi.org/10.3847/1538-4357/ab6458
Z9.6+W15,new,0.225,0.0521,1.318,0.0176,0.023,https://doi.org/10.3847/1538-4357/ab6458
Z9.6+W18,old,0.283,0.043,1.472,0.053,0.078,https://doi.org/10.3847/1538-4357/ab6458
Z9.6+W18,new,0.283,0.0438,1.472,0.053,0.078,https://doi.org/10.3847/1538-4357/ab6458
Z9.6+W20,old,0.284,0.0393,1.616,0.0469,0.076,https://doi.org/10.3847/1538-4357/ab6458
Z9.6+W20,new,0.273,0.0413,1.616,0.0469,0.076,https://doi.org/10.3847/1538-4357/ab6458
Z9.6+N20,old,0.194,0.058,1.679,0.0441,0.074,https://doi.org/10.3847/1538-4357/ab6458
Z9.6+N20,new,0.182,0.0608,1.679,0.0441,0.074,https://doi.org/10.3847/1538-4357/ab6458
