model_id,source_model_label,mass_loss_sequence,MHe_initial_Msun,MpreSN_Msun,MZAMS_equiv_Msun,MCO_Msun,MFe_Msun,log10_LpreSN_Lsun,log10_Teff_K,Y_surface_He,metallicity_label,Z,source_url
He02.50_std,Si-flash,standard_Mdot,2.5,2.07,13.51,1.37,1.29,4.37,3.73,0.99,solar,0.0145,https://doi.org/10.3847/1538-4357/ab6458
He02.60_std,Inflated envelope,standard_Mdot,2.6,2.15,13.85,1.41,1.3,4.37,3.85,0.99,solar,0.0145,https://doi.org/10.3847/1538-4357/ab6458
He02.70_std,Inflated envelope,standard_Mdot,2.7,2.21,14.18,1.46,1.29,4.51,3.87,0.99,solar,0.0145,https://doi.org/10.3847/1538-4357/ab6458
He02.80_std,Inflated envelope,standard_Mdot,2.8,2.3,14.5,1.51,1.31,4.55,3.89,0.99,solar,0.0145,https://doi.org/10.3847/1538-4357/ab6458
He02.90_std,Inflated envelope,standard_Mdot,2.9,2.37,14.82,1.56,1.34,4.59,3.92,0.99,solar,0.0145,https://doi.org/10.3847/1538-4357/ab6458
He03.00_std,Si-flash,standard_Mdot,3.0,2.45,15.14,1.6,1.32,4.61,3.99,0.99,solar,0.0145,https://doi.org/10.3847/1538-4357/ab6458
He03.10_std,Si-flash,standard_Mdot,3.1,2.52,15.45,1.66,1.34,4.63,4.16,0.99,solar,0.0145,https://doi.org/10.3847/1538-4357/ab6458
He03.20_std,Si-flash,standard_Mdot,3.2,2.59,15.76,1.71,1.37,4.65,4.34,0.99,solar,0.0145,https://doi.org/10.3847/1538-4357/ab6458
He03.30_std,standard Mdot,standard_Mdot,3.3,2.67,16.07,1.76,1.33,4.66,4.29,0.99,solar,0.0145,https://doi.org/10.3847/1538-4357/ab6458
He03.40_std,standard Mdot,standard_Mdot,3.4,2.74,16.37,1.81,1.35,4.68,4.29,0.99,solar,0.0145,https://doi.org/10.3847/1538-4357/ab6458
He03.50_std,standard Mdot,standard_Mdot,3.5,2.81,16.67,1.86,1.36,4.69,4.55,0.99,solar,0.0145,https://doi.org/10.3847/1538-4357/ab6458
He03.60_std,standard Mdot,standard_Mdot,3.6,2.88,16.96,1.91,1.34,4.72,4.58,0.99,solar,0.0145,https://doi.org/10.3847/1538-4357/ab6458
He03.70_std,standard Mdot,standard_Mdot,3.7,2.95,17.25,1.96,1.35,4.74,4.62,0.99,solar,0.0145,https://doi.org/10.3847/1538-4357/ab6458
He03.80_std,standard Mdot,standard_Mdot,3.8,3.02,17.54,2.01,1.37,4.75,4.65,0.99,solar,0.0145,https://doi.org/10.3847/1538-4357/ab6458
He03.90_std,standard Mdot,standard_Mdot,3.9,3.09,17.83,2.07,1.37,4.77,4.67,0.99,solar,0.0145,https://doi.org/10.3847/1538-4357/ab6458
He04.00_std,standard Mdot,standard_Mdot,4.0,3.16,18.11,2.12,1.38,4.78,4.69,0.99,solar,0.0145,https://doi.org/10.3847/1538-4357/ab6458
He04.10_std,standard Mdot,standard_Mdot,4.1,3.22,18.4,2.18,1.43,4.8,4.7,0.99,solar,0.0145,https://doi.org/10.3847/1538-4357/ab6458
He04.20_std,standard Mdot,standard_Mdot,4.2,3.29,18.67,2.23,1.39,4.81,4.72,0.99,solar,0.0145,https://doi.org/10.3847/1538-4357/ab6458
He04.30_std,standard Mdot,standard_Mdot,4.3,3.36,18.95,2.28,1.39,4.83,4.73,0.99,solar,0.0145,https://doi.org/10.3847/1538-4357/ab6458
He04.40_std,standard Mdot,standard_Mdot,4.4,3.42,19.22,2.33,1.4,4.85,4.74,0.99,solar,0.0145,https://doi.org/10.3847/1538-4357/ab6458
He04.50_std,standard Mdot,standard_Mdot,4.5,3.49,19.5,2.39,1.47,4.85,4.75,0.99,solar,0.0145,https://doi.org/10.3847/1538-4357/ab6458
He04.75_std,standard Mdot,standard_Mdot,4.75,3.65,20.16,2.51,1.43,4.88,4.83,0.99,solar,0.0145,https://doi.org/10.3847/1538-4357/ab6458
He05.00_std,standard Mdot,standard_Mdot,5.0,3.81,20.82,2.64,1.55,4.91,4.86,0.99,solar,0.0145,https://doi.org/10.3847/1538-4357/ab6458
He05.25_std,standard Mdot,standard_Mdot,5.25,3.98,21.46,2.77,1.57,4.95,4.9,0.99,solar,0.0145,https://doi.org/10.3847/1538-4357/ab6458
He05.50_std,standard Mdot,standard_Mdot,5.5,4.13,22.09,2.89,1.57,4.96,4.92,0.99,solar,0.0145,https://doi.org/10.3847/1538-4357/ab6458
He05.75_std,standard Mdot,standard_Mdot,5.75,4.29,22.72,3.02,1.47,4.99,4.93,0.99,solar,0.0145,https://doi.org/10.3847/1538-4357/ab6458
He06.00_std,standard Mdot,standard_Mdot,6.0,4.44,23.33,3.14,1.52,5.02,4.95,0.99,solar,0.0145,https://doi.org/10.3847/1538-4357/ab6458
He06.25_std,standard Mdot,standard_Mdot,6.25,4.59,23.93,3.26,1.52,5.04,4.96,0.99,solar,0.0145,https://doi.org/10.3847/1538-4357/ab6458
He06.50_std,standard Mdot,standard_Mdot,6.5,4.75,24.52,3.37,1.61,5.06,4.97,0.99,solar,0.0145,https://doi.org/10.3847/1538-4357/ab6458
He06.75_std,standard Mdot,standard_Mdot,6.75,4.89,25.11,3.49,1.57,5.08,4.98,0.99,solar,0.0145,https://doi.org/10.3847/1538-4357/ab6458
He07.00_std,standard Mdot,standard_Mdot,7.0,5.04,25.68,3.61,1.5,5.1,4.99,0.99,solar,0.0145,https://doi.org/10.3847/1538-4357/ab6458
He07.25_std,standard Mdot,standard_Mdot,7.25,5.19,26.25,3.72,1.4,5.11,4.99,0.99,solar,0.0145,https://doi.org/10.3847/1538-4357/ab6458
He07.50_std,standard Mdot,standard_Mdot,7.5,5.34,26.81,3.86,1.48,5.13,5.0,0.99,solar,0.0145,https://doi.org/10.3847/1538-4357/ab6458
He07.75_std,standard Mdot,standard_Mdot,7.75,5.48,27.37,3.96,1.49,5.15,5.0,0.99,solar,0.0145,https://doi.org/10.3847/1538-4357/ab6458
He08.00_std,standard Mdot,standard_Mdot,8.0,5.63,27.91,4.11,1.41,5.17,5.0,0.99,solar,0.0145,https://doi.org/10.3847/1538-4357/ab6458
He08.25_std,standard Mdot,standard_Mdot,8.25,5.77,28.45,4.22,1.43,5.18,5.0,0.99,solar,0.0145,https://doi.org/10.3847/1538-4357/ab6458
He08.50_std,standard Mdot,standard_Mdot,8.5,5.92,28.99,4.35,1.41,5.18,5.01,0.99,solar,0.0145,https://doi.org/10.3847/1538-4357/ab6458
He08.75_std,standard Mdot,standard_Mdot,8.75,6.05,29.52,4.46,1.41,5.2,5.01,0.99,solar,0.0145,https://doi.org/10.3847/1538-4357/ab6458
He09.00_std,standard Mdot,standard_Mdot,9.0,6.19,29.74,4.58,1.45,5.21,5.01,0.99,solar,0.0145,https://doi.org/10.3847/1538-4357/ab6458
He09.25_std,standard Mdot,standard_Mdot,9.25,6.33,30.24,4.69,1.44,5.22,5.03,0.99,solar,0.0145,https://doi.org/10.3847/1538-4357/ab6458
He09.50_std,standard Mdot,standard_Mdot,9.5,6.47,30.74,4.81,1.4,5.23,5.03,0.99,solar,0.0145,https://doi.org/10.3847/1538-4357/ab6458
He09.75_std,standard Mdot,standard_Mdot,9.75,6.61,31.24,4.93,1.38,5.24,5.03,0.99,solar,0.0145,https://doi.org/10.3847/1538-4357/ab6458
He10.00_std,standard Mdot,standard_Mdot,10.0,6.74,31.74,5.03,1.44,5.27,5.02,0.99,solar,0.0145,https://doi.org/10.3847/1538-4357/ab6458
He10.25_std,standard Mdot,standard_Mdot,10.25,6.87,32.24,5.16,1.41,5.27,5.03,0.98,solar,0.0145,https://doi.org/10.3847/1538-4357/ab6458
He10.50_std,standard Mdot,standard_Mdot,10.5,6.91,32.74,5.24,1.49,5.26,5.19,0.82,solar,0.0145,https://doi.org/10.3847/1538-4357/ab6458
He10.75_std,standard Mdot,standard_Mdot,10.75,6.95,33.24,5.36,1.52,5.25,5.19,0.72,solar,0.0145,https://doi.org/10.3847/1538-4357/ab6458
He11.00_std,standard Mdot,standard_Mdot,11.0,6.99,33.74,5.45,1.63,5.27,5.24,0.64,solar,0.0145,https://doi.org/10.3847/1538-4357/ab6458
He11.25_std,standard Mdot,standard_Mdot,11.25,7.04,34.24,5.42,1.52,5.28,5.25,0.55,solar,0.0145,https://doi.org/10.3847/1538-4357/ab6458
He11.50_std,standard Mdot,standard_Mdot,11.5,7.1,34.74,5.44,1.54,5.28,5.24,0.49,solar,0.0145,https://doi.org/10.3847/1538-4357/ab6458
He11.75_std,standard Mdot,standard_Mdot,11.75,7.17,35.24,5.46,1.61,5.27,5.23,0.43,solar,0.0145,https://doi.org/10.3847/1538-4357/ab6458
He12.00_std,standard Mdot,standard_Mdot,12.0,7.24,35.74,5.51,1.61,5.28,5.22,0.38,solar,0.0145,https://doi.org/10.3847/1538-4357/ab6458
He12.25_std,standard Mdot,standard_Mdot,12.25,7.33,36.24,5.57,1.41,5.27,5.2,0.3,solar,0.0145,https://doi.org/10.3847/1538-4357/ab6458
He12.50_std,standard Mdot,standard_Mdot,12.5,7.42,36.74,5.62,1.41,5.28,5.2,0.25,solar,0.0145,https://doi.org/10.3847/1538-4357/ab6458
He12.75_std,standard Mdot,standard_Mdot,12.75,7.51,37.24,5.7,1.41,5.3,5.21,0.22,solar,0.0145,https://doi.org/10.3847/1538-4357/ab6458
He13.00_std,standard Mdot,standard_Mdot,13.0,7.61,37.74,5.76,1.49,5.31,5.21,0.21,solar,0.0145,https://doi.org/10.3847/1538-4357/ab6458
He13.25_std,standard Mdot,standard_Mdot,13.25,7.71,38.24,5.83,1.47,5.33,5.22,0.2,solar,0.0145,https://doi.org/10.3847/1538-4357/ab6458
He13.50_std,standard Mdot,standard_Mdot,13.5,7.81,38.74,5.92,1.52,5.34,5.23,0.2,solar,0.0145,https://doi.org/10.3847/1538-4357/ab6458
He13.75_std,standard Mdot,standard_Mdot,13.75,7.9,39.24,5.99,1.61,5.35,5.23,0.2,solar,0.0145,https://doi.org/10.3847/1538-4357/ab6458
He14.00_std,standard Mdot,standard_Mdot,14.0,8.0,39.74,6.09,1.68,5.36,5.24,0.19,solar,0.0145,https://doi.org/10.3847/1538-4357/ab6458
He14.25_std,standard Mdot,standard_Mdot,14.25,8.11,40.24,6.19,1.74,5.37,5.23,0.19,solar,0.0145,https://doi.org/10.3847/1538-4357/ab6458
He14.50_std,standard Mdot,standard_Mdot,14.5,8.21,40.74,6.27,1.88,5.38,5.24,0.19,solar,0.0145,https://doi.org/10.3847/1538-4357/ab6458
He14.75_std,standard Mdot,standard_Mdot,14.75,8.31,41.24,6.35,1.83,5.38,5.24,0.2,solar,0.0145,https://doi.org/10.3847/1538-4357/ab6458
He15.00_std,standard Mdot,standard_Mdot,15.0,8.41,41.74,6.44,1.87,5.38,5.25,0.21,solar,0.0145,https://doi.org/10.3847/1538-4357/ab6458
He15.25_std,standard Mdot,standard_Mdot,15.25,8.47,42.24,6.5,1.88,5.38,5.25,0.21,solar,0.0145,https://doi.org/10.3847/1538-4357/ab6458
He15.50_std,standard Mdot,standard_Mdot,15.5,8.59,42.74,6.59,1.75,5.39,5.25,0.22,solar,0.0145,https://doi.org/10.3847/1538-4357/ab6458
He15.75_std,standard Mdot,standard_Mdot,15.75,8.7,43.24,6.7,1.7,5.39,5.25,0.22,solar,0.0145,https://doi.org/10.3847/1538-4357/ab6458
He16.00_std,standard Mdot,standard_Mdot,16.0,8.8,43.74,6.77,1.69,5.39,5.25,0.22,solar,0.0145,https://doi.org/10.3847/1538-4357/ab6458
He16.25_std,standard Mdot,standard_Mdot,16.25,8.86,44.24,6.83,1.68,5.4,5.25,0.23,solar,0.0145,https://doi.org/10.3847/1538-4357/ab6458
He16.50_std,standard Mdot,standard_Mdot,16.5,8.99,44.74,6.92,1.6,5.4,5.25,0.23,solar,0.0145,https://doi.org/10.3847/1538-4357/ab6458
He16.75_std,standard Mdot,standard_Mdot,16.75,9.09,45.24,6.99,1.58,5.4,5.25,0.23,solar,0.0145,https://doi.org/10.3847/1538-4357/ab6458
He17.00_std,standard Mdot,standard_Mdot,17.0,9.18,45.74,7.06,1.54,5.4,5.24,0.23,solar,0.0145,https://doi.org/10.3847/1538-4357/ab6458
He17.25_std,standard Mdot,standard_Mdot,17.25,9.28,46.24,7.15,1.52,5.4,5.24,0.23,solar,0.0145,https://doi.org/10.3847/1538-4357/ab6458
He17.50_std,standard Mdot,standard_Mdot,17.5,9.38,46.74,7.23,1.51,5.41,5.24,0.23,solar,0.0145,https://doi.org/10.3847/1538-4357/ab6458
He17.75_std,standard Mdot,standard_Mdot,17.75,9.44,47.24,7.29,1.51,5.42,5.24,0.23,solar,0.0145,https://doi.org/10.3847/1538-4357/ab6458
He18.00_std,standard Mdot,standard_Mdot,18.0,9.58,47.74,7.38,1.41,5.42,5.25,0.23,solar,0.0145,https://doi.org/10.3847/1538-4357/ab6458
He18.25_std,standard Mdot,standard_Mdot,18.25,9.67,48.24,7.46,1.4,5.42,5.26,0.26,solar,0.0145,https://doi.org/10.3847/1538-4357/ab6458
He18.50_std,standard Mdot,standard_Mdot,18.5,9.78,48.74,7.54,1.4,5.43,5.26,0.26,solar,0.0145,https://doi.org/10.3847/1538-4357/ab6458
He18.75_std,standard Mdot,standard_Mdot,18.75,9.88,49.24,7.61,1.4,5.44,5.26,0.25,solar,0.0145,https://doi.org/10.3847/1538-4357/ab6458
He19.00_std,standard Mdot,standard_Mdot,19.0,9.98,49.74,7.69,1.42,5.44,5.26,0.25,solar,0.0145,https://doi.org/10.3847/1538-4357/ab6458
He19.25_std,standard Mdot,standard_Mdot,19.25,10.07,50.24,7.75,1.42,5.45,5.26,0.25,solar,0.0145,https://doi.org/10.3847/1538-4357/ab6458
He19.50_std,standard Mdot,standard_Mdot,19.5,10.17,50.74,7.84,1.42,5.46,5.26,0.25,solar,0.0145,https://doi.org/10.3847/1538-4357/ab6458
He19.75_std,standard Mdot,standard_Mdot,19.75,10.29,51.24,7.93,1.43,5.47,5.36,0.25,solar,0.0145,https://doi.org/10.3847/1538-4357/ab6458
He20.00_std,standard Mdot,standard_Mdot,20.0,10.39,51.74,8.01,1.43,5.47,5.3,0.25,solar,0.0145,https://doi.org/10.3847/1538-4357/ab6458
He20.25_std,standard Mdot,standard_Mdot,20.25,10.48,52.24,8.07,1.43,5.48,5.35,0.25,solar,0.0145,https://doi.org/10.3847/1538-4357/ab6458
He20.50_std,standard Mdot,standard_Mdot,20.5,10.56,52.74,8.15,1.44,5.49,5.35,0.24,solar,0.0145,https://doi.org/10.3847/1538-4357/ab6458
He20.75_std,standard Mdot,standard_Mdot,20.75,10.7,53.24,8.26,1.44,5.5,5.35,0.24,solar,0.0145,https://doi.org/10.3847/1538-4357/ab6458
He21.00_std,standard Mdot,standard_Mdot,21.0,10.81,53.74,8.35,1.44,5.5,5.35,0.24,solar,0.0145,https://doi.org/10.3847/1538-4357/ab6458
He21.25_std,standard Mdot,standard_Mdot,21.25,10.91,54.24,8.43,1.46,5.51,5.35,0.24,solar,0.0145,https://doi.org/10.3847/1538-4357/ab6458
He21.50_std,standard Mdot,standard_Mdot,21.5,11.01,54.74,8.52,1.46,5.52,5.35,0.24,solar,0.0145,https://doi.org/10.3847/1538-4357/ab6458
He21.75_std,standard Mdot,standard_Mdot,21.75,11.13,55.24,8.62,1.47,5.52,5.35,0.23,solar,0.0145,https://doi.org/10.3847/1538-4357/ab6458
He22.00_std,standard Mdot,standard_Mdot,22.0,11.23,55.74,8.71,1.48,5.53,5.35,0.23,solar,0.0145,https://doi.org/10.3847/1538-4357/ab6458
He22.25_std,standard Mdot,standard_Mdot,22.25,11.34,56.24,8.78,1.49,5.54,5.35,0.23,solar,0.0145,https://doi.org/10.3847/1538-4357/ab6458
He22.50_std,standard Mdot,standard_Mdot,22.5,11.44,56.74,8.85,1.5,5.54,5.35,0.23,solar,0.0145,https://doi.org/10.3847/1538-4357/ab6458
He22.75_std,standard Mdot,standard_Mdot,22.75,11.55,57.24,8.95,1.52,5.55,5.35,0.23,solar,0.0145,https://doi.org/10.3847/1538-4357/ab6458
He23.00_std,standard Mdot,standard_Mdot,23.0,11.66,57.74,9.05,1.53,5.56,5.35,0.23,solar,0.0145,https://doi.org/10.3847/1538-4357/ab6458
He23.50_std,standard Mdot,standard_Mdot,23.5,11.88,58.74,9.22,1.59,5.57,5.35,0.22,solar,0.0145,https://doi.org/10.3847/1538-4357/ab6458
He24.00_std,standard Mdot,standard_Mdot,24.0,12.1,59.74,9.4,1.6,5.58,5.34,0.22,solar,0.0145,https://doi.org/10.3847/1538-4357/ab6458
He24.50_std,standard Mdot,standard_Mdot,24.5,12.32,60.74,9.59,1.61,5.6,5.35,0.22,solar,0.0145,https://doi.org/10.3847/1538-4357/ab6458
He25.00_std,standard Mdot,standard_Mdot,25.0,12.54,61.74,9.76,1.63,5.61,5.35,0.22,solar,0.0145,https://doi.org/10.3847/1538-4357/ab6458
He25.50_std,standard Mdot,standard_Mdot,25.5,12.74,62.74,9.94,1.64,5.62,5.35,0.22,solar,0.0145,https://doi.org/10.3847/1538-4357/ab6458
He26.00_std,standard Mdot,standard_Mdot,26.0,12.98,63.74,10.14,1.66,5.63,5.35,0.22,solar,0.0145,https://doi.org/10.3847/1538-4357/ab6458
He26.50_std,standard Mdot,standard_Mdot,26.5,13.21,64.74,10.33,1.69,5.65,5.35,0.22,solar,0.0145,https://doi.org/10.3847/1538-4357/ab6458
He27.00_std,standard Mdot,standard_Mdot,27.0,13.44,65.74,10.5,1.7,5.66,5.35,0.21,solar,0.0145,https://doi.org/10.3847/1538-4357/ab6458
He27.50_std,standard Mdot,standard_Mdot,27.5,13.66,66.74,10.68,1.74,5.67,5.35,0.21,solar,0.0145,https://doi.org/10.3847/1538-4357/ab6458
He28.00_std,standard Mdot,standard_Mdot,28.0,13.89,67.74,10.87,1.81,5.68,5.36,0.21,solar,0.0145,https://doi.org/10.3847/1538-4357/ab6458
He30.00_std,standard Mdot,standard_Mdot,30.0,14.81,71.74,11.63,1.86,5.72,5.35,0.21,solar,0.0145,https://doi.org/10.3847/1538-4357/ab6458
He32.00_std,standard Mdot,standard_Mdot,32.0,15.74,75.74,12.38,1.95,5.76,5.37,0.2,solar,0.0145,https://doi.org/10.3847/1538-4357/ab6458
He34.00_std,standard Mdot,standard_Mdot,34.0,16.68,79.74,13.21,1.96,5.8,5.35,0.2,solar,0.0145,https://doi.org/10.3847/1538-4357/ab6458
He36.00_std,standard Mdot,standard_Mdot,36.0,17.63,83.74,14.02,1.96,5.83,5.39,0.2,solar,0.0145,https://doi.org/10.3847/1538-4357/ab6458
He38.00_std,standard Mdot,standard_Mdot,38.0,18.59,87.74,14.83,2.04,5.86,5.46,0.19,solar,0.0145,https://doi.org/10.3847/1538-4357/ab6458
He40.00_std,standard Mdot,standard_Mdot,40.0,19.55,91.74,15.67,2.27,5.89,5.4,0.19,solar,0.0145,https://doi.org/10.3847/1538-4357/ab6458
He05.00_1p5mdot,1.5 x Mdot,enhanced_1p5x_Mdot,5.0,3.43,20.82,2.37,1.44,4.85,4.89,0.99,solar,0.0145,https://doi.org/10.3847/1538-4357/ab6458
He05.25_1p5mdot,1.5 x Mdot,enhanced_1p5x_Mdot,5.25,3.57,21.46,2.48,1.45,4.88,4.91,0.99,solar,0.0145,https://doi.org/10.3847/1538-4357/ab6458
He05.50_1p5mdot,1.5 x Mdot,enhanced_1p5x_Mdot,5.5,3.7,22.09,2.58,1.46,4.9,4.93,0.99,solar,0.0145,https://doi.org/10.3847/1538-4357/ab6458
He05.75_1p5mdot,1.5 x Mdot,enhanced_1p5x_Mdot,5.75,3.83,22.72,2.68,1.58,4.93,4.97,0.99,solar,0.0145,https://doi.org/10.3847/1538-4357/ab6458
He06.00_1p5mdot,1.5 x Mdot,enhanced_1p5x_Mdot,6.0,3.96,23.33,2.78,1.61,4.95,4.98,0.99,solar,0.0145,https://doi.org/10.3847/1538-4357/ab6458
He06.25_1p5mdot,1.5 x Mdot,enhanced_1p5x_Mdot,6.25,4.09,23.93,2.88,1.56,4.97,5.0,0.99,solar,0.0145,https://doi.org/10.3847/1538-4357/ab6458
He06.50_1p5mdot,1.5 x Mdot,enhanced_1p5x_Mdot,6.5,4.21,24.52,2.98,1.49,4.99,5.02,0.99,solar,0.0145,https://doi.org/10.3847/1538-4357/ab6458
He06.75_1p5mdot,1.5 x Mdot,enhanced_1p5x_Mdot,6.75,4.33,25.11,3.07,1.6,5.01,5.04,0.99,solar,0.0145,https://doi.org/10.3847/1538-4357/ab6458
He07.00_1p5mdot,1.5 x Mdot,enhanced_1p5x_Mdot,7.0,4.45,25.68,3.18,1.51,5.03,5.05,0.99,solar,0.0145,https://doi.org/10.3847/1538-4357/ab6458
He07.25_1p5mdot,1.5 x Mdot,enhanced_1p5x_Mdot,7.25,4.57,26.25,3.27,1.6,5.05,5.07,0.99,solar,0.0145,https://doi.org/10.3847/1538-4357/ab6458
He07.50_1p5mdot,1.5 x Mdot,enhanced_1p5x_Mdot,7.5,4.69,26.81,3.37,1.44,5.06,5.07,0.99,solar,0.0145,https://doi.org/10.3847/1538-4357/ab6458
He07.75_1p5mdot,1.5 x Mdot,enhanced_1p5x_Mdot,7.75,4.8,27.37,3.46,1.54,5.08,5.08,0.99,solar,0.0145,https://doi.org/10.3847/1538-4357/ab6458
He08.00_1p5mdot,1.5 x Mdot,enhanced_1p5x_Mdot,8.0,4.92,27.91,3.56,1.54,5.09,5.09,0.98,solar,0.0145,https://doi.org/10.3847/1538-4357/ab6458
He08.25_1p5mdot,1.5 x Mdot,enhanced_1p5x_Mdot,8.25,4.95,28.45,3.65,1.53,5.08,5.06,0.79,solar,0.0145,https://doi.org/10.3847/1538-4357/ab6458
He08.50_1p5mdot,1.5 x Mdot,enhanced_1p5x_Mdot,8.5,4.9,28.99,3.7,1.56,5.07,5.07,0.69,solar,0.0145,https://doi.org/10.3847/1538-4357/ab6458
He08.75_1p5mdot,1.5 x Mdot,enhanced_1p5x_Mdot,8.75,4.87,29.52,3.74,1.57,5.06,5.06,0.57,solar,0.0145,https://doi.org/10.3847/1538-4357/ab6458
He09.00_1p5mdot,1.5 x Mdot,enhanced_1p5x_Mdot,9.0,4.87,29.74,3.76,1.6,5.07,5.05,0.49,solar,0.0145,https://doi.org/10.3847/1538-4357/ab6458
He09.25_1p5mdot,1.5 x Mdot,enhanced_1p5x_Mdot,9.25,4.87,30.24,3.74,1.58,5.06,5.05,0.42,solar,0.0145,https://doi.org/10.3847/1538-4357/ab6458
He09.50_1p5mdot,1.5 x Mdot,enhanced_1p5x_Mdot,9.5,4.89,30.74,3.72,1.5,5.07,5.04,0.35,solar,0.0145,https://doi.org/10.3847/1538-4357/ab6458
He09.75_1p5mdot,1.5 x Mdot,enhanced_1p5x_Mdot,9.75,4.92,31.24,3.73,1.4,5.07,5.03,0.27,solar,0.0145,https://doi.org/10.3847/1538-4357/ab6458
He10.00_1p5mdot,1.5 x Mdot,enhanced_1p5x_Mdot,10.0,4.96,31.74,3.73,1.58,5.08,5.06,0.22,solar,0.0145,https://doi.org/10.3847/1538-4357/ab6458
He10.25_1p5mdot,1.5 x Mdot,enhanced_1p5x_Mdot,10.25,5.01,32.24,3.76,1.52,5.1,5.06,0.2,solar,0.0145,https://doi.org/10.3847/1538-4357/ab6458
He10.50_1p5mdot,1.5 x Mdot,enhanced_1p5x_Mdot,10.5,5.08,32.74,3.78,1.39,5.09,5.06,0.19,solar,0.0145,https://doi.org/10.3847/1538-4357/ab6458
He10.75_1p5mdot,1.5 x Mdot,enhanced_1p5x_Mdot,10.75,5.14,33.24,3.82,1.42,5.1,5.06,0.18,solar,0.0145,https://doi.org/10.3847/1538-4357/ab6458
He11.00_1p5mdot,1.5 x Mdot,enhanced_1p5x_Mdot,11.0,5.19,33.74,3.85,1.45,5.1,5.06,0.18,solar,0.0145,https://doi.org/10.3847/1538-4357/ab6458
He11.25_1p5mdot,1.5 x Mdot,enhanced_1p5x_Mdot,11.25,5.26,34.24,3.89,1.47,5.11,5.06,0.19,solar,0.0145,https://doi.org/10.3847/1538-4357/ab6458
He11.50_1p5mdot,1.5 x Mdot,enhanced_1p5x_Mdot,11.5,5.32,34.74,3.94,1.44,5.11,5.06,0.19,solar,0.0145,https://doi.org/10.3847/1538-4357/ab6458
He11.75_1p5mdot,1.5 x Mdot,enhanced_1p5x_Mdot,11.75,5.37,35.24,3.98,1.44,5.12,5.06,0.2,solar,0.0145,https://doi.org/10.3847/1538-4357/ab6458
He12.00_1p5mdot,1.5 x Mdot,enhanced_1p5x_Mdot,12.0,5.43,35.74,4.04,1.44,5.12,5.07,0.21,solar,0.0145,https://doi.org/10.3847/1538-4357/ab6458
He12.25_1p5mdot,1.5 x Mdot,enhanced_1p5x_Mdot,12.25,5.48,36.24,4.08,1.44,5.13,5.07,0.21,solar,0.0145,https://doi.org/10.3847/1538-4357/ab6458
He12.50_1p5mdot,1.5 x Mdot,enhanced_1p5x_Mdot,12.5,5.53,36.74,4.12,1.45,5.14,5.13,0.22,solar,0.0145,https://doi.org/10.3847/1538-4357/ab6458
He12.75_1p5mdot,1.5 x Mdot,enhanced_1p5x_Mdot,12.75,5.58,37.24,4.17,1.43,5.13,5.13,0.22,solar,0.0145,https://doi.org/10.3847/1538-4357/ab6458
He13.00_1p5mdot,1.5 x Mdot,enhanced_1p5x_Mdot,13.0,5.64,37.74,4.21,1.44,5.14,5.13,0.22,solar,0.0145,https://doi.org/10.3847/1538-4357/ab6458
He13.25_1p5mdot,1.5 x Mdot,enhanced_1p5x_Mdot,13.25,5.7,38.24,4.28,1.41,5.17,5.15,0.22,solar,0.0145,https://doi.org/10.3847/1538-4357/ab6458
He13.50_1p5mdot,1.5 x Mdot,enhanced_1p5x_Mdot,13.5,5.75,38.74,4.31,1.4,5.15,5.14,0.22,solar,0.0145,https://doi.org/10.3847/1538-4357/ab6458
He13.75_1p5mdot,1.5 x Mdot,enhanced_1p5x_Mdot,13.75,5.81,39.24,4.36,1.41,5.18,5.15,0.22,solar,0.0145,https://doi.org/10.3847/1538-4357/ab6458
He14.00_1p5mdot,1.5 x Mdot,enhanced_1p5x_Mdot,14.0,5.86,39.74,4.4,1.44,5.18,5.15,0.22,solar,0.0145,https://doi.org/10.3847/1538-4357/ab6458
He14.25_1p5mdot,1.5 x Mdot,enhanced_1p5x_Mdot,14.25,5.92,40.24,4.46,1.4,5.18,5.15,0.22,solar,0.0145,https://doi.org/10.3847/1538-4357/ab6458
He14.50_1p5mdot,1.5 x Mdot,enhanced_1p5x_Mdot,14.5,5.97,40.74,4.5,1.4,5.19,5.15,0.22,solar,0.0145,https://doi.org/10.3847/1538-4357/ab6458
He14.75_1p5mdot,1.5 x Mdot,enhanced_1p5x_Mdot,14.75,6.03,41.24,4.54,1.54,5.19,5.15,0.22,solar,0.0145,https://doi.org/10.3847/1538-4357/ab6458
He15.00_1p5mdot,1.5 x Mdot,enhanced_1p5x_Mdot,15.0,6.09,41.74,4.6,1.53,5.19,5.15,0.22,solar,0.0145,https://doi.org/10.3847/1538-4357/ab6458
He15.25_1p5mdot,1.5 x Mdot,enhanced_1p5x_Mdot,15.25,6.15,42.24,4.64,1.49,5.19,5.15,0.22,solar,0.0145,https://doi.org/10.3847/1538-4357/ab6458
He15.50_1p5mdot,1.5 x Mdot,enhanced_1p5x_Mdot,15.5,6.21,42.74,4.68,1.48,5.2,5.15,0.22,solar,0.0145,https://doi.org/10.3847/1538-4357/ab6458
He15.75_1p5mdot,1.5 x Mdot,enhanced_1p5x_Mdot,15.75,6.27,43.24,4.74,1.47,5.2,5.16,0.22,solar,0.0145,https://doi.org/10.3847/1538-4357/ab6458
He16.00_1p5mdot,1.5 x Mdot,enhanced_1p5x_Mdot,16.0,6.34,43.74,4.79,1.43,5.2,5.15,0.21,solar,0.0145,https://doi.org/10.3847/1538-4357/ab6458
He16.25_1p5mdot,1.5 x Mdot,enhanced_1p5x_Mdot,16.25,6.39,44.24,4.83,1.44,5.2,5.15,0.21,solar,0.0145,https://doi.org/10.3847/1538-4357/ab6458
He16.50_1p5mdot,1.5 x Mdot,enhanced_1p5x_Mdot,16.5,6.45,44.74,4.87,1.44,5.21,5.15,0.21,solar,0.0145,https://doi.org/10.3847/1538-4357/ab6458
He16.75_1p5mdot,1.5 x Mdot,enhanced_1p5x_Mdot,16.75,6.52,45.24,4.93,1.41,5.2,5.15,0.21,solar,0.0145,https://doi.org/10.3847/1538-4357/ab6458
He17.00_1p5mdot,1.5 x Mdot,enhanced_1p5x_Mdot,17.0,6.59,45.74,4.98,1.62,5.21,5.15,0.21,solar,0.0145,https://doi.org/10.3847/1538-4357/ab6458
He17.25_1p5mdot,1.5 x Mdot,enhanced_1p5x_Mdot,17.25,6.65,46.24,5.04,1.56,5.21,5.15,0.21,solar,0.0145,https://doi.org/10.3847/1538-4357/ab6458
He17.50_1p5mdot,1.5 x Mdot,enhanced_1p5x_Mdot,17.5,6.71,46.74,5.09,1.54,5.24,5.16,0.2,solar,0.0145,https://doi.org/10.3847/1538-4357/ab6458
He17.75_1p5mdot,1.5 x Mdot,enhanced_1p5x_Mdot,17.75,6.78,47.24,5.14,1.52,5.26,5.16,0.2,solar,0.0145,https://doi.org/10.3847/1538-4357/ab6458
He18.00_1p5mdot,1.5 x Mdot,enhanced_1p5x_Mdot,18.0,6.84,47.74,5.19,1.53,5.26,5.16,0.2,solar,0.0145,https://doi.org/10.3847/1538-4357/ab6458
He18.25_1p5mdot,1.5 x Mdot,enhanced_1p5x_Mdot,18.25,6.91,48.24,5.24,1.65,5.26,5.17,0.2,solar,0.0145,https://doi.org/10.3847/1538-4357/ab6458
He18.50_1p5mdot,1.5 x Mdot,enhanced_1p5x_Mdot,18.5,6.98,48.74,5.3,1.55,5.25,5.17,0.2,solar,0.0145,https://doi.org/10.3847/1538-4357/ab6458
He18.75_1p5mdot,1.5 x Mdot,enhanced_1p5x_Mdot,18.75,7.05,49.24,5.35,1.53,5.26,5.17,0.2,solar,0.0145,https://doi.org/10.3847/1538-4357/ab6458
He19.00_1p5mdot,1.5 x Mdot,enhanced_1p5x_Mdot,19.0,7.11,49.74,5.41,1.54,5.25,5.17,0.2,solar,0.0145,https://doi.org/10.3847/1538-4357/ab6458
He19.25_1p5mdot,1.5 x Mdot,enhanced_1p5x_Mdot,19.25,7.18,50.24,5.46,1.41,5.26,5.17,0.2,solar,0.0145,https://doi.org/10.3847/1538-4357/ab6458
He19.50_1p5mdot,1.5 x Mdot,enhanced_1p5x_Mdot,19.5,7.25,50.74,5.51,1.42,5.27,5.17,0.2,solar,0.0145,https://doi.org/10.3847/1538-4357/ab6458
He19.75_1p5mdot,1.5 x Mdot,enhanced_1p5x_Mdot,19.75,7.32,51.24,5.57,1.4,5.28,5.17,0.19,solar,0.0145,https://doi.org/10.3847/1538-4357/ab6458
He20.00_1p5mdot,1.5 x Mdot,enhanced_1p5x_Mdot,20.0,7.39,51.74,5.62,1.48,5.29,5.17,0.19,solar,0.0145,https://doi.org/10.3847/1538-4357/ab6458
He20.25_1p5mdot,1.5 x Mdot,enhanced_1p5x_Mdot,20.25,7.46,52.24,5.68,1.51,5.3,5.17,0.19,solar,0.0145,https://doi.org/10.3847/1538-4357/ab6458
He20.50_1p5mdot,1.5 x Mdot,enhanced_1p5x_Mdot,20.5,7.53,52.74,5.73,1.5,5.3,5.17,0.19,solar,0.0145,https://doi.org/10.3847/1538-4357/ab6458
He20.75_1p5mdot,1.5 x Mdot,enhanced_1p5x_Mdot,20.75,7.59,53.24,5.77,1.51,5.31,5.17,0.19,solar,0.0145,https://doi.org/10.3847/1538-4357/ab6458
He21.00_1p5mdot,1.5 x Mdot,enhanced_1p5x_Mdot,21.0,7.67,53.74,5.84,1.58,5.32,5.17,0.19,solar,0.0145,https://doi.org/10.3847/1538-4357/ab6458
He21.25_1p5mdot,1.5 x Mdot,enhanced_1p5x_Mdot,21.25,7.74,54.24,5.91,1.63,5.33,5.17,0.19,solar,0.0145,https://doi.org/10.3847/1538-4357/ab6458
He21.50_1p5mdot,1.5 x Mdot,enhanced_1p5x_Mdot,21.5,7.81,54.74,5.96,1.68,5.33,5.17,0.19,solar,0.0145,https://doi.org/10.3847/1538-4357/ab6458
He21.75_1p5mdot,1.5 x Mdot,enhanced_1p5x_Mdot,21.75,7.88,55.24,6.01,1.72,5.34,5.17,0.19,solar,0.0145,https://doi.org/10.3847/1538-4357/ab6458
He22.00_1p5mdot,1.5 x Mdot,enhanced_1p5x_Mdot,22.0,7.95,55.74,6.07,1.87,5.34,5.17,0.19,solar,0.0145,https://doi.org/10.3847/1538-4357/ab6458
He22.25_1p5mdot,1.5 x Mdot,enhanced_1p5x_Mdot,22.25,8.03,56.24,6.13,1.82,5.34,5.17,0.19,solar,0.0145,https://doi.org/10.3847/1538-4357/ab6458
He22.50_1p5mdot,1.5 x Mdot,enhanced_1p5x_Mdot,22.5,8.1,56.74,6.19,1.84,5.35,5.17,0.19,solar,0.0145,https://doi.org/10.3847/1538-4357/ab6458
He23.00_1p5mdot,1.5 x Mdot,enhanced_1p5x_Mdot,23.0,8.25,57.74,6.31,1.87,5.35,5.17,0.18,solar,0.0145,https://doi.org/10.3847/1538-4357/ab6458
He23.50_1p5mdot,1.5 x Mdot,enhanced_1p5x_Mdot,23.5,8.4,58.74,6.42,1.86,5.36,5.18,0.18,solar,0.0145,https://doi.org/10.3847/1538-4357/ab6458
He24.00_1p5mdot,1.5 x Mdot,enhanced_1p5x_Mdot,24.0,8.54,59.74,6.55,1.69,5.37,5.18,0.18,solar,0.0145,https://doi.org/10.3847/1538-4357/ab6458
He24.50_1p5mdot,1.5 x Mdot,enhanced_1p5x_Mdot,24.5,8.69,60.74,6.66,1.68,5.38,5.18,0.18,solar,0.0145,https://doi.org/10.3847/1538-4357/ab6458
He25.00_1p5mdot,1.5 x Mdot,enhanced_1p5x_Mdot,25.0,8.85,61.74,6.78,1.6,5.38,5.18,0.18,solar,0.0145,https://doi.org/10.3847/1538-4357/ab6458
He25.50_1p5mdot,1.5 x Mdot,enhanced_1p5x_Mdot,25.5,9.0,62.74,6.9,1.57,5.38,5.19,0.18,solar,0.0145,https://doi.org/10.3847/1538-4357/ab6458
He26.00_1p5mdot,1.5 x Mdot,enhanced_1p5x_Mdot,26.0,9.15,63.74,7.02,1.55,5.39,5.19,0.18,solar,0.0145,https://doi.org/10.3847/1538-4357/ab6458
He26.50_1p5mdot,1.5 x Mdot,enhanced_1p5x_Mdot,26.5,9.3,64.74,7.14,1.55,5.4,5.19,0.18,solar,0.0145,https://doi.org/10.3847/1538-4357/ab6458
He27.00_1p5mdot,1.5 x Mdot,enhanced_1p5x_Mdot,27.0,9.46,65.74,7.26,1.43,5.41,5.19,0.17,solar,0.0145,https://doi.org/10.3847/1538-4357/ab6458
He27.50_1p5mdot,1.5 x Mdot,enhanced_1p5x_Mdot,27.5,9.61,66.74,7.38,1.42,5.42,5.19,0.17,solar,0.0145,https://doi.org/10.3847/1538-4357/ab6458
He28.00_1p5mdot,1.5 x Mdot,enhanced_1p5x_Mdot,28.0,9.77,67.74,7.5,1.41,5.43,5.19,0.17,solar,0.0145,https://doi.org/10.3847/1538-4357/ab6458
He28.50_1p5mdot,1.5 x Mdot,enhanced_1p5x_Mdot,28.5,9.93,68.74,7.62,1.43,5.45,5.18,0.17,solar,0.0145,https://doi.org/10.3847/1538-4357/ab6458
He29.00_1p5mdot,1.5 x Mdot,enhanced_1p5x_Mdot,29.0,10.09,69.74,7.77,1.45,5.46,5.18,0.17,solar,0.0145,https://doi.org/10.3847/1538-4357/ab6458
He29.50_1p5mdot,1.5 x Mdot,enhanced_1p5x_Mdot,29.5,10.25,70.74,7.88,1.45,5.47,5.18,0.17,solar,0.0145,https://doi.org/10.3847/1538-4357/ab6458
He30.00_1p5mdot,1.5 x Mdot,enhanced_1p5x_Mdot,30.0,10.41,71.74,8.01,1.47,5.48,5.18,0.17,solar,0.0145,https://doi.org/10.3847/1538-4357/ab6458
He30.50_1p5mdot,1.5 x Mdot,enhanced_1p5x_Mdot,30.5,10.57,72.74,8.15,1.45,5.49,5.18,0.17,solar,0.0145,https://doi.org/10.3847/1538-4357/ab6458
He31.00_1p5mdot,1.5 x Mdot,enhanced_1p5x_Mdot,31.0,10.73,73.74,8.28,1.46,5.5,5.18,0.17,solar,0.0145,https://doi.org/10.3847/1538-4357/ab6458
He31.50_1p5mdot,1.5 x Mdot,enhanced_1p5x_Mdot,31.5,10.89,74.74,8.42,1.48,5.52,5.18,0.16,solar,0.0145,https://doi.org/10.3847/1538-4357/ab6458
He32.00_1p5mdot,1.5 x Mdot,enhanced_1p5x_Mdot,32.0,11.05,75.74,8.55,1.5,5.53,5.18,0.16,solar,0.0145,https://doi.org/10.3847/1538-4357/ab6458
He32.50_1p5mdot,1.5 x Mdot,enhanced_1p5x_Mdot,32.5,11.22,76.74,8.67,1.52,5.54,5.18,0.16,solar,0.0145,https://doi.org/10.3847/1538-4357/ab6458
He33.00_1p5mdot,1.5 x Mdot,enhanced_1p5x_Mdot,33.0,11.38,77.74,8.81,1.58,5.55,5.18,0.16,solar,0.0145,https://doi.org/10.3847/1538-4357/ab6458
He33.50_1p5mdot,1.5 x Mdot,enhanced_1p5x_Mdot,33.5,11.55,78.74,8.93,1.57,5.56,5.18,0.16,solar,0.0145,https://doi.org/10.3847/1538-4357/ab6458
He34.00_1p5mdot,1.5 x Mdot,enhanced_1p5x_Mdot,34.0,11.71,79.74,9.08,1.59,5.57,5.18,0.16,solar,0.0145,https://doi.org/10.3847/1538-4357/ab6458
He34.50_1p5mdot,1.5 x Mdot,enhanced_1p5x_Mdot,34.5,11.88,80.74,9.21,1.6,5.57,5.18,0.16,solar,0.0145,https://doi.org/10.3847/1538-4357/ab6458
He35.00_1p5mdot,1.5 x Mdot,enhanced_1p5x_Mdot,35.0,12.04,81.74,9.34,1.62,5.58,5.18,0.16,solar,0.0145,https://doi.org/10.3847/1538-4357/ab6458
He35.50_1p5mdot,1.5 x Mdot,enhanced_1p5x_Mdot,35.5,12.21,82.74,9.48,1.62,5.59,5.18,0.16,solar,0.0145,https://doi.org/10.3847/1538-4357/ab6458
He36.00_1p5mdot,1.5 x Mdot,enhanced_1p5x_Mdot,36.0,12.37,83.74,9.6,1.64,5.6,5.18,0.16,solar,0.0145,https://doi.org/10.3847/1538-4357/ab6458
